Link Name,Center of Mass X,Center of Mass Y,Center of Mass Z,Center of Mass Roll,Center of Mass Pitch,Center of Mass Yaw,Mass,Moment Ixx,Moment Ixy,Moment Ixz,Moment Iyy,Moment Iyz,Moment Izz,Visual X,Visual Y,Visual Z,Visual Roll,Visual Pitch,Visual Yaw,Mesh Filename,Color Red,Color Green,Color Blue,Color Alpha,Collision X,Collision Y,Collision Z,Collision Roll,Collision Pitch,Collision Yaw,Collision Mesh Filename,Material Name,SW Components,Coordinate System,Axis Name,Joint Name,Joint Type,Joint Origin X,Joint Origin Y,Joint Origin Z,Joint Origin Roll,Joint Origin Pitch,Joint Origin Yaw,Parent,Joint Axis X,Joint Axis Y,Joint Axis Z,Limit Effort,Limit Velocity,Limit Lower,Limit Upper,Calibration rising,Calibration falling,Dynamics Damping,Dynamics Friction,Safety Soft Upper,Safety Soft Lower,Safety K Position,Safety K Velocity
base_link,0.000585304056064689,-4.37028461197642E-08,-0.018822668135602,0,0,0,0.0304914839046375,1.03216791112766E-05,-1.90542931242752E-11,-1.46838824049927E-08,9.91871019185169E-06,-3.27280089518376E-12,1.35143184826939E-05,0,0,0,0,0,0,package://RH56E2_L_2025_9_10/meshes/base_link.STL,0.792156862745098,0.819607843137255,0.933333333333333,1,0,0,0,0,0,0,package://RH56E2_L_2025_9_10/meshes/base_link.STL,,E2镜向RH56DFTP-0R-2/E2镜向法兰franka-1,l_base_link,,,,0,0,0,0,0,0,,0,0,0,,,,,,,,,,,,
left_thumb_1,0.00173304320860269,-0.00982857619928362,-0.00584336388606012,0,0,0,0.00485755757173485,1.88879216173086E-07,5.3155604955107E-09,-9.07013305805667E-10,1.59670449386288E-07,5.14392642729788E-09,1.63911963279511E-07,0,0,0,0,0,0,package://RH56E2_L_2025_9_10/meshes/left_thumb_1.STL,0.890196078431372,0.890196078431372,0.913725490196078,1,0,0,0,0,0,0,package://RH56E2_L_2025_9_10/meshes/left_thumb_1.STL,,DMZ0219-1/拇指基座-1,l_1,a_1,left_thumb_1_joint,revolute,0.02101,0.0269,-0.0826,3.1416,0,0,base_link,0,0,1,1,2,0,1,,,,,,,,
left_thumb_2,0.0295490509739339,0.0118812651168662,0.00594035773316779,0,0,0,0.0385564917668047,1.01633926234144E-05,-2.86280002841789E-06,1.63578309072588E-06,1.30685458690558E-05,5.09318132240751E-07,1.91592281253119E-05,0,0,0,0,0,0,package://RH56E2_L_2025_9_10/meshes/left_thumb_2.STL,1,1,1,1,0,0,0,0,0,0,package://RH56E2_L_2025_9_10/meshes/left_thumb_2.STL,,DMZ0219-1/拇指近端橡胶V2.0-1;DMZ0219-1/拇指近端外壳A-V2.0-1;DMZ0219-1/拇指近端外壳B-V2.0-1;DMZ0219-1/拇指近端橡胶V2.0-0529-1,l_2,a_2,left_thumb_2_joint,revolute,0.013438,-0.012862,-0.0076,1.5708,0,-1.5708,left_thumb_1,-0.17365,0,-0.98481,1,2,0,1,,,,,,,,
left_thumb_3,0.0120225705684245,-0.000597295779975589,0.00903834778659198,0,0,0,0.0134342232166366,1.79859404303318E-06,-2.05040802550293E-07,1.24623144023122E-07,1.26951076485954E-06,3.73539245508744E-08,2.48056879850076E-06,0,0,0,0,0,0,package://RH56E2_L_2025_9_10/meshes/left_thumb_3.STL,1,1,1,1,0,0,0,0,0,0,package://RH56E2_L_2025_9_10/meshes/left_thumb_3.STL,,DMZ0219-1/拇指中节橡胶V2.0-1;DMZ0219-1/拇指中节外壳A-V2.0-2;DMZ0219-1/拇指中节外壳B-V2.0-1,l_3,a_3,left_thumb_3_joint,revolute,0.052954,0.032799,-0.0093372,0,0,0,left_thumb_2,-0.17365,0,-0.98481,1,2,0,1,,,,,,,,
left_thumb_force_sensor_2,-6.77023624058581E-05,0.00023698475781915,-0.000558267314746952,0,0,0,0.000119024235960817,1.0224514684709E-09,-6.7224050154412E-13,-1.14240885059404E-12,9.97038953350155E-10,-8.16379211588012E-12,1.9906514552054E-09,0,0,0,0,0,0,package://RH56E2_L_2025_9_10/meshes/left_thumb_force_sensor_2.STL,1,1,1,1,0,0,0,0,0,0,package://RH56E2_L_2025_9_10/meshes/left_thumb_force_sensor_2.STL,,DMZ0219-1/拇指中节传感器-1,l_thumb_force_sensor_2,,left_thumb_force_sensor_2_joint,fixed,0.0080283,0.016443,0.00982,0.96258,1.4071,3.0993,left_thumb_3,0,0,0,,,,,,,,,,,,
left_thumb_4,0.0145367921829131,0.00793906783568243,0.00759114172861285,0,0,0,0.0106016120930206,1.28278634750881E-06,-2.46101084073557E-07,-1.49544920702351E-08,6.82989122078725E-07,4.35367399454704E-08,1.20058597058136E-06,0,0,0,0,0,0,package://RH56E2_L_2025_9_10/meshes/left_thumb_4.STL,1,1,1,1,0,0,0,0,0,0,package://RH56E2_L_2025_9_10/meshes/left_thumb_4.STL,,DMZ0219-1/拇指指尖橡胶V2.0-1;DMZ0219-1/拇指指尖外壳V2.0-0529-2,l_4,a_4,left_thumb_4_joint,revolute,0.01865,0.013373,-0.0022731,0,0,0,left_thumb_3,-0.17365,0,-0.98481,1,2,0,1,,,,,,,,
left_thumb_force_sensor_3,2.75155276924233E-07,0.000696644789683842,-0.000425123283601309,0,0,0,0.000169894176021865,3.91695563569899E-09,-3.84881369197044E-15,2.56832047427422E-13,1.41883437204732E-09,-1.72956740679056E-10,5.29524834856028E-09,0,0,0,0,0,0,package://RH56E2_L_2025_9_10/meshes/left_thumb_force_sensor_3.STL,1,1,1,1,0,0,0,0,0,0,package://RH56E2_L_2025_9_10/meshes/left_thumb_force_sensor_3.STL,,DMZ0219-1/拇指指尖传感器2-1,l_thumb_force_sensor_3,,left_thumb_force_sensor_3_joint,fixed,0.0076349,0.020486,0.0088094,0.64092,1.3963,-3.1415,left_thumb_4,0,0,0,,,,,,,,,,,,
left_thumb_force_sensor_4,1.53421438291515E-06,-0.000421608116505295,-0.000751976730520715,0,0,0,1.66991074236564E-05,2.2577332779412E-11,2.52363008433222E-15,-5.30005584942463E-15,2.30774417460483E-11,1.74406833632406E-13,4.31637280809456E-11,0,0,0,0,0,0,package://RH56E2_L_2025_9_10/meshes/left_thumb_force_sensor_4.STL,1,1,1,1,0,0,0,0,0,0,package://RH56E2_L_2025_9_10/meshes/left_thumb_force_sensor_4.STL,,DMZ0219-1/拇指指尖传感器1-1,l_thumb_force_sensor_4,,left_thumb_force_sensor_4_joint,fixed,0.018831,0.027914,0.0068352,1.7521,1.3962,-3.1401,left_thumb_4,0,0,0,,,,,,,,,,,,
left_thumb_force_sensor_1,-0.000315253413178729,8.00831279870462E-05,-0.000511444693418101,0,0,0,0.000234351522411044,6.82585459105814E-09,1.33330535751836E-11,-9.2406741263255E-12,2.91720696731406E-09,-1.79692153239885E-10,9.68920415325705E-09,0,0,0,0,0,0,package://RH56E2_L_2025_9_10/meshes/left_thumb_force_sensor_1.STL,1,1,1,1,0,0,0,0,0,0,package://RH56E2_L_2025_9_10/meshes/left_thumb_force_sensor_1.STL,,DMZ0219-1/拇指近端传感器-1,l_thumb_force_sensor_1,,left_thumb_force_sensor_1_joint,fixed,0.023412,0.033251,0.0070079,1.1285,1.3976,3.1383,left_thumb_2,0,0,0,,,,,,,,,,,,
left_index_1,0.00219464981664157,0.0127400599495741,-0.00664960432625125,0,0,0,0.00677571235915724,1.1315295854808E-06,-7.34320814643748E-08,-7.01592854991073E-12,5.50274101365216E-07,5.17537867809725E-11,1.17474430240968E-06,0,0,0,0,0,0,package://RH56E2_L_2025_9_10/meshes/left_index_1.STL,0.792156862745098,0.819607843137255,0.933333333333333,1,0,0,0,0,0,0,package://RH56E2_L_2025_9_10/meshes/left_index_1.STL,,E2镜向RH56DFTP-0R-2/E2镜向中节组合-2,l_5,a_5,left_index_1_joint,revolute,0.00056467,0.038679,-0.1564,-1.5359,0,0,base_link,0,0,-1,1,2,0,1,,,,,,,,
left_index_2,-0.000533234130448361,0.0253408344101742,-0.00609265139584095,0,0,0,0.00927389039585523,2.11152253309762E-06,-3.78378613245829E-07,4.18049148156429E-10,3.70467744155109E-07,2.78710824956773E-09,2.14356994906566E-06,0,0,0,0,0,0,package://RH56E2_L_2025_9_10/meshes/left_index_2.STL,0.792156862745098,0.819607843137255,0.933333333333333,1,0,0,0,0,0,0,package://RH56E2_L_2025_9_10/meshes/left_index_2.STL,,E2镜向RH56DFTP-0R-2/E2镜向食指尖组合件-1,l_6,a_6,left_index_2_joint,revolute,0.0034259,0.032596,-0.00055,0,0,0,left_index_1,0,0,-1,1,2,0,1,,,,,,,,
left_index_force_sensor_2,-0.000722888601375635,0.000206469730474002,3.92383751648961E-06,0,0,0,0.000255748193489171,7.12568463704182E-09,-3.0516440505427E-11,-1.50421802884703E-12,2.43957953886851E-09,-8.64189585164301E-11,4.79877681662902E-09,0,0,0,0,0,0,package://RH56E2_L_2025_9_10/meshes/left_index_force_sensor_2.STL,0.792156862745098,0.819607843137255,0.933333333333333,1,0,0,0,0,0,0,package://RH56E2_L_2025_9_10/meshes/left_index_force_sensor_2.STL,,E2镜向RH56DFTP-0R-2/E2镜向指肚传感器-1,l_index_force_sensor_2,,left_index_force_sensor_2_joint,fixed,0.0081655,0.037446,-0.0060795,-0.037141,0,-0.34877,left_index_2,0,0,0,,,,,,,,,,,,
left_index_force_sensor_3,2.48711721375083E-05,-0.000345284190379214,-0.00133798868635948,0,0,0,6.79653902597574E-05,1.31976080328049E-10,-5.65097777117389E-12,-7.80108678689416E-13,2.53434465829639E-10,9.12174680571318E-12,2.80536891506937E-10,0,0,0,0,0,0,package://RH56E2_L_2025_9_10/meshes/left_index_force_sensor_3.STL,0.792156862745098,0.819607843137255,0.933333333333333,1,0,0,0,0,0,0,package://RH56E2_L_2025_9_10/meshes/left_index_force_sensor_3.STL,,E2镜向RH56DFTP-0R-2/E2镜向指尖传感器SZ-1,l_index_force_sensor_3,,left_index_force_sensor_3_joint,fixed,0.0086237,0.052572,-0.0060954,-1.5708,1.5252,-0.87237,left_index_2,0,0,0,,,,,,,,,,,,
left_index_force_sensor_1,-0.0729923433475217,-0.0363073337922381,-0.0369594321577934,0,0,0,0.000202794475942539,3.39885123356031E-09,1.02920881813728E-10,-1.46421800108829E-10,2.69069714877247E-09,-1.3687823435314E-09,4.53662460306879E-09,0,0,0,0,0,0,package://RH56E2_L_2025_9_10/meshes/left_index_force_sensor_1.STL,0.792156862745098,0.819607843137255,0.933333333333333,1,0,0,0,0,0,0,package://RH56E2_L_2025_9_10/meshes/left_index_force_sensor_1.STL,,E2镜向RH56DFTP-0R-2/E2镜向中节传感-4,l_little_force_sensor_3,,left_index_force_sensor_1_joint,fixed,0.0098232,0.068642,-0.081541,2.8162,1.4754,-2.7679,left_index_1,0,0,0,,,,,,,,,,,,
left_middle_1,0.00219464961598496,0.0127400600036559,-0.00664960428412459,0,0,0,0.00677571251051094,1.13152961123012E-06,-7.34320803113899E-08,-7.00900732437086E-12,5.5027410682511E-07,5.17466674879361E-11,1.17474433485984E-06,0,0,0,0,0,0,package://RH56E2_L_2025_9_10/meshes/left_middle_1.STL,0.792156862745098,0.819607843137255,0.933333333333333,1,0,0,0,0,0,0,package://RH56E2_L_2025_9_10/meshes/left_middle_1.STL,,E2镜向RH56DFTP-0R-2/E2镜向中节组合-3,l_7,a_7,left_middle_1_joint,revolute,0.00056467,0.0171,-0.157,-1.5708,0,0,base_link,0,0,-1,1,2,0,1,,,,,,,,
left_middle_2,9.24128075453223E-05,0.0270345097293878,-0.00610058727791135,0,0,0,0.0100570676423744,2.5865816222594E-06,-4.53262817251217E-07,5.66663752989687E-12,4.10327668190242E-07,8.99347273926536E-12,2.62954399756734E-06,0,0,0,0,0,0,package://RH56E2_L_2025_9_10/meshes/left_middle_2.STL,0.792156862745098,0.819607843137255,0.933333333333333,1,0,0,0,0,0,0,package://RH56E2_L_2025_9_10/meshes/left_middle_2.STL,,E2镜向RH56DFTP-0R-2/E2镜向中指指尖组合-1,l_8,a_8,left_middle_2_joint,revolute,0.0034259,0.032596,-0.00055,0,0,0,left_middle_1,0,0,-1,1,2,0,1,,,,,,,,
left_middle_force_sensor_2,6.77351601419129E-07,2.94313229363685E-05,-0.00072242577649223,0,0,0,0.000262573593923136,5.0414876593695E-09,1.87053180725797E-13,-1.92198399992304E-14,2.56777987860698E-09,3.4715059658037E-12,7.49457837348385E-09,0,0,0,0,0,0,package://RH56E2_L_2025_9_10/meshes/left_middle_force_sensor_2.STL,0.792156862745098,0.819607843137255,0.933333333333333,1,0,0,0,0,0,0,package://RH56E2_L_2025_9_10/meshes/left_middle_force_sensor_2.STL,,E2镜向RH56DFTP-0R-2/E2镜向中指指肚-1,l_middle_force_sensor_2,,left_middle_force_sensor_2_joint,fixed,0.009086,0.040962,-0.0061003,-1.0917,1.5708,-1.4646,left_middle_2,0,0,0,,,,,,,,,,,,
left_middle_force_sensor_3,-8.06940798625533E-08,-0.00036544469914071,-0.00127684015275201,0,0,0,6.64914272946078E-05,1.27227716200643E-10,-8.96643675660692E-15,-8.77104798534102E-15,2.43691020872163E-10,7.612765414699E-12,2.75875028961974E-10,0,0,0,0,0,0,package://RH56E2_L_2025_9_10/meshes/left_middle_force_sensor_3.STL,0.792156862745098,0.819607843137255,0.933333333333333,1,0,0,0,0,0,0,package://RH56E2_L_2025_9_10/meshes/left_middle_force_sensor_3.STL,,E2镜向RH56DFTP-0R-2/E2镜向中指尖传感器-1,l_middle_force_sensor_3,,left_middle_force_sensor_3_joint,fixed,0.0098294,0.056051,-0.0061006,-2.1401,1.5708,-1.4657,left_middle_2,0,0,0,,,,,,,,,,,,
left_middle_force_sensor_1,-2.38805233365724E-07,0.000116575254234724,-0.000567426156928438,0,0,0,0.000202794522112893,3.38243621902089E-09,2.84614711307975E-14,2.15581663022967E-14,1.96244127906421E-09,-5.53035968075616E-12,5.28129636598907E-09,0,0,0,0,0,0,package://RH56E2_L_2025_9_10/meshes/left_middle_force_sensor_1.STL,0.792156862745098,0.819607843137255,0.933333333333333,1,0,0,0,0,0,0,package://RH56E2_L_2025_9_10/meshes/left_middle_force_sensor_1.STL,,E2镜向RH56DFTP-0R-2/E2镜向中节传感-2,l_middle_force_sensor_1,,left_middle_force_sensor_1_joint,fixed,0.012046,0.019649,-0.006651,-1.9353,1.5708,-1.7232,left_middle_1,0,0,0,,,,,,,,,,,,
left_ring_1,0.00219465071036214,0.0127400598729399,-0.00664960488600091,0,0,0,0.00677571168959295,1.13152930818505E-06,-7.34320393858985E-08,-7.09830398451948E-12,5.50274093000266E-07,5.18112001712004E-11,1.17474396570234E-06,0,0,0,0,0,0,package://RH56E2_L_2025_9_10/meshes/left_ring_1.STL,0.792156862745098,0.819607843137255,0.933333333333333,1,0,0,0,0,0,0,package://RH56E2_L_2025_9_10/meshes/left_ring_1.STL,,E2镜向RH56DFTP-0R-2/E2镜向中节组合-4,l_9,a_9,left_ring_1_joint,revolute,0.00056467,-0.0045302,-0.15683,-1.6232,0,0,base_link,0,0,-1,1,2,0,1,,,,,,,,
left_ring_2,-0.000533229529806903,0.0253408258579788,-0.00609266296095007,0,0,0,0.00927387477035812,2.1115224015174E-06,-3.78378725894021E-07,4.17607714661257E-10,3.70467732862434E-07,2.78888954127456E-09,2.14357000330773E-06,0,0,0,0,0,0,package://RH56E2_L_2025_9_10/meshes/left_ring_2.STL,0.792156862745098,0.819607843137255,0.933333333333333,1,0,0,0,0,0,0,package://RH56E2_L_2025_9_10/meshes/left_ring_2.STL,,E2镜向RH56DFTP-0R-2/E2镜向食指尖组合件-2,l_10,a_10,left_ring_2_joint,revolute,0.0034259,0.032596,-0.00055,0,0,0,left_ring_1,0,0,-1,1,2,0,1,,,,,,,,
left_ring_force_sensor_2,1.52347834204147E-05,0.000205944196068869,-0.000722888366917224,0,0,0,0.000255748190883527,4.79445247031254E-09,-1.32856442478724E-10,-1.33138092624363E-12,2.44390356832089E-09,-3.0524509743324E-11,7.1256841969102E-09,0,0,0,0,0,0,package://RH56E2_L_2025_9_10/meshes/left_ring_force_sensor_2.STL,0.792156862745098,0.819607843137255,0.933333333333333,1,0,0,0,0,0,0,package://RH56E2_L_2025_9_10/meshes/left_ring_force_sensor_2.STL,,E2镜向RH56DFTP-0R-2/E2镜向指肚传感器-2,l_ring_force_sensor_2,,left_ring_force_sensor_2_joint,fixed,0.0081655,0.037446,-0.0060795,1.5708,1.5151,1.222,left_ring_2,0,0,0,,,,,,,,,,,,
left_ring_force_sensor_3,-1.45503841600947E-05,-0.00034586662981545,-0.00133798468205445,0,0,0,6.79657634628817E-05,1.32269553838889E-10,8.21009692820913E-12,2.62881491754241E-13,2.53144228524505E-10,9.1509693922259E-12,2.80539793431039E-10,0,0,0,0,0,0,package://RH56E2_L_2025_9_10/meshes/left_ring_force_sensor_3.STL,0.792156862745098,0.819607843137255,0.933333333333333,1,0,0,0,0,0,0,package://RH56E2_L_2025_9_10/meshes/left_ring_force_sensor_3.STL,,E2镜向RH56DFTP-0R-2/E2镜向指尖传感器SZ-2,l_ring_force_sensor_3,,left_ring_force_sensor_3_joint,fixed,0.0086237,0.052572,-0.0060954,1.5708,1.5025,2.2692,left_ring_2,0,0,0,,,,,,,,,,,,
left_ring_force_sensor_1,6.00203522233E-06,0.000116421389729365,-0.000567426346437278,0,0,0,0.000202794434376476,3.37837011170987E-09,-7.5878752969108E-11,-2.74580423233197E-13,1.9665061826483E-09,-5.52393135574737E-12,5.28129521919666E-09,0,0,0,0,0,0,package://RH56E2_L_2025_9_10/meshes/left_ring_force_sensor_1.STL,0.792156862745098,0.819607843137255,0.933333333333333,1,0,0,0,0,0,0,package://RH56E2_L_2025_9_10/meshes/left_ring_force_sensor_1.STL,,E2镜向RH56DFTP-0R-2/E2镜向中节传感-3,l_ring_force_sensor_1,,left_ring_force_sensor_1_joint,fixed,0.012046,0.019649,-0.006651,1.5708,1.5172,1.7829,left_ring_1,0,0,0,,,,,,,,,,,,
left_little_1,0.00219465215955103,0.0127400596467725,-0.00664960556534572,0,0,0,0.0067757106032121,1.13152896112826E-06,-7.34320008847278E-08,-7.19963309968723E-12,5.50274069155489E-07,5.18880133633643E-11,1.17474354144948E-06,0,0,0,0,0,0,package://RH56E2_L_2025_9_10/meshes/left_little_1.STL,0.792156862745098,0.819607843137255,0.933333333333333,1,0,0,0,0,0,0,package://RH56E2_L_2025_9_10/meshes/left_little_1.STL,,E2镜向RH56DFTP-0R-2/E2镜向中节组合-1,l_11,a_11,left_little_1_joint,revolute,0.00056467,-0.025916,-0.15365,-1.6755,0,0,base_link,0,0,-1,1,2,0,1,,,,,,,,
left_little_2,-0.00142963521345347,0.0206394357966418,-0.00609976777725474,0,0,0,0.00717678262644169,1.14690869729373E-06,-2.22236755093454E-07,-2.35657996290406E-11,2.66169814325698E-07,-2.53156557773676E-11,1.15053887826121E-06,0,0,0,0,0,0,package://RH56E2_L_2025_9_10/meshes/left_little_2.STL,0.792156862745098,0.819607843137255,0.933333333333333,1,0,0,0,0,0,0,package://RH56E2_L_2025_9_10/meshes/left_little_2.STL,,E2镜向RH56DFTP-0R-2/E2镜向小指指尖组件-1,l_12,a_12,left_little_2_joint,revolute,0.0034259,0.032596,-0.00055,0,0,0,left_little_1,0,0,-1,1,2,0,1,,,,,,,,
left_little_force_sensor_2,-1.80617030003938E-05,-0.000118388090762839,-0.000773722865995793,0,0,0,0.00028024674848609,5.3604473912048E-09,-2.90383767216199E-10,4.21250471348326E-12,2.78880843363607E-09,3.60559684736873E-11,8.00957473963412E-09,0,0,0,0,0,0,package://RH56E2_L_2025_9_10/meshes/left_little_force_sensor_2.STL,0.792156862745098,0.819607843137255,0.933333333333333,1,0,0,0,0,0,0,package://RH56E2_L_2025_9_10/meshes/left_little_force_sensor_2.STL,,E2镜向RH56DFTP-0R-2/E2镜向小指指肚-1,l_little_force_sensor_2,,left_little_force_sensor_2_joint,fixed,0.0064514,0.027683,-0.0061172,1.5708,1.4597,1.2289,left_little_2,0,0,0,,,,,,,,,,,,
left_little_force_sensor_3,-6.37037928365447E-05,-0.000437210531355342,-0.00112816117408027,0,0,0,6.1053667014177E-05,1.11591596284049E-10,1.48923286911394E-11,1.18294492348375E-12,2.17206534673202E-10,8.078835709315E-12,2.52052305203803E-10,0,0,0,0,0,0,package://RH56E2_L_2025_9_10/meshes/left_little_force_sensor_3.STL,0.792156862745098,0.819607843137255,0.933333333333333,1,0,0,0,0,0,0,package://RH56E2_L_2025_9_10/meshes/left_little_force_sensor_3.STL,,E2镜向RH56DFTP-0R-2/E2镜向小指指尖带动-1,l_little_force_sensor_3,,left_little_force_sensor_3_joint,fixed,0.0063973,0.042707,-0.0061154,1.5708,1.4336,2.2761,left_little_2,0,0,0,,,,,,,,,,,,
left_little_force_sensor_1,1.22242688667118E-05,0.000115932853490763,-0.000567426208360044,0,0,0,0.000202794502264302,3.3662161038664E-09,-1.50896082438854E-10,-5.69773684986878E-13,1.97866156369565E-09,-5.50105749422691E-12,5.28129655313475E-09,0,0,0,0,0,0,package://RH56E2_L_2025_9_10/meshes/left_little_force_sensor_1.STL,0.792156862745098,0.819607843137255,0.933333333333333,1,0,0,0,0,0,0,package://RH56E2_L_2025_9_10/meshes/left_little_force_sensor_1.STL,,E2镜向RH56DFTP-0R-2/E2镜向中节传感-1,l_little_force_sensor_1,,left_little_force_sensor_1_joint,fixed,0.012046,0.019649,-0.006651,1.5708,1.4637,1.7829,left_little_1,0,0,0,,,,,,,,,,,,
left_plam_1,-0.00195104283520511,0.000692741082239323,0.0560117433925564,0,0,0,0.205548450388452,0.00021145500266249,-6.95285841496429E-07,-1.62582110639063E-06,0.0001640170234504,-2.5164236951194E-08,9.07294928064753E-05,0,0,0,0,0,0,package://RH56E2_L_2025_9_10/meshes/left_plam_1.STL,0.792156862745098,0.819607843137255,0.933333333333333,1,0,0,0,0,0,0,package://RH56E2_L_2025_9_10/meshes/left_plam_1.STL,,E2镜向RH56DFTP-0R-2/E2镜向侧摆齿条-1;E2镜向RH56DFTP-0R-2/E2镜向骨架组件-1;E2镜向RH56DFTP-0R-2/E2镜向RH56-8 驱动器推杆螺丝 四指 （新）-4;E2镜向RH56DFTP-0R-2/E2镜向四代手接插件(6).step-1;E2镜向RH56DFTP-0R-2/E2镜向零件1-3;E2镜向RH56DFTP-0R-2/E2镜向零件1-2;E2镜向RH56DFTP-0R-2/E2镜向RH56-8 驱动器推杆螺丝 四指 （新）-1;E2镜向RH56DFTP-0R-2/E2镜向弯曲齿条-1;E2镜向RH56DFTP-0R-2/E2镜向RH56-8 驱动器推杆螺丝 四指 （新）-3;E2镜向RH56DFTP-0R-2/E2镜向027掌心力控模型1-1;E2镜向RH56DFTP-0R-2/E2镜向力控球轴承-球笼A-2;E2镜向RH56DFTP-0R-2/E2镜向手掌外观0910.stp-1;E2镜向RH56DFTP-0R-2/E2镜向最新027力控版本1-1;E2镜向RH56DFTP-0R-2/E2镜向力控球轴承-球笼A-4;E2镜向RH56DFTP-0R-2/E2镜向垫圈-1;E2镜向RH56DFTP-0R-2/E2镜向027掌心力控模型-1;E2镜向RH56DFTP-0R-2/E2镜向力控球轴承-球笼A-1;E2镜向RH56DFTP-0R-2/E2镜向最新027力控版本2-1;E2镜向RH56DFTP-0R-2/E2镜向最新027力控版本3-1/E2推杆子-1;E2镜向RH56DFTP-0R-2/E2镜向最新027力控版本3-1/E2027力控外壳-1;E2镜向RH56DFTP-0R-2/E2镜向最新027力控版本-1;E2镜向RH56DFTP-0R-2/E2镜向零件1-1;E2镜向RH56DFTP-0R-2/E2镜向力控球轴承-球笼A-3,l_plam,,left_plam_1_joint,fixed,0,0,-0.031,-3.1416,0,0,base_link,0,0,0,,,,,,,,,,,,
left_plam_2,-0.0282279108648417,-0.000242127035993855,0.0835826421996247,0,0,0,0.0205046589058927,2.37671048423346E-05,-1.29072575162348E-08,-6.43764479926857E-08,1.27843040563581E-05,9.82907716155009E-08,1.20351729261164E-05,0,0,0,0,0,0,package://RH56E2_L_2025_9_10/meshes/left_plam_2.STL,1,1,1,1,0,0,0,0,0,0,package://RH56E2_L_2025_9_10/meshes/left_plam_2.STL,,E2外壳后盖-1,l_plam,,left_plam_2_joint,fixed,0,0,0,0,0,0,left_plam_1,0,0,0,,,,,,,,,,,,
left_plam_force_sensor,-0.00012009333519819,0.000717297413646942,-0.000692889069965077,0,0,0,0.00240886556268154,1.79237847416138E-07,-3.62335250995994E-10,2.06838829667416E-10,5.01887324843563E-07,-4.23537057624356E-10,6.80017237748538E-07,0,0,0,0,0,0,package://RH56E2_L_2025_9_10/meshes/left_plam_force_sensor.STL,0.792156862745098,0.819607843137255,0.933333333333333,1,0,0,0,0,0,0,package://RH56E2_L_2025_9_10/meshes/left_plam_force_sensor.STL,,E2镜向RH56DFTP-0R-2/E2镜向掌心定位-1,l_plam_force_sensor,,left_plam_force_sensor_joint,fixed,0.012296,-0.00036819,0.088601,1.5708,0,1.5708,left_plam_1,0,0,0,,,,,,,,,,,,
